timeStamp,elapsed,label,responseCode,responseMessage,threadName,dataType,success,failureMessage,bytes,sentBytes,grpThreads,allThreads,URL,Latency,IdleTime,Connect
1.75465E+12,214,Sample 1,200,,ForEach Controller 1-1,text,TRUE,,7,0,1,1,null,0,0,0
1.75465E+12,179,For 1 a,200,,ForEach Controller 1-1,text,TRUE,,0,13,1,1,null,0,0,0
1.75465E+12,111,For 1 b,200,,ForEach Controller 1-1,text,TRUE,,0,13,1,1,null,0,0,0
1.75465E+12,224,For 1 c,200,,ForEach Controller 1-1,text,TRUE,,0,13,1,1,null,0,0,0
1.75465E+12,195,Sample 2,200,,ForEach Controller 1-1,text,TRUE,,7,0,1,1,null,0,0,0
1.75465E+12,135,Sample 1,200,,ForEach Controller 1-1,text,TRUE,,7,0,1,1,null,0,0,0
1.75465E+12,273,For 1 a,200,,ForEach Controller 1-1,text,TRUE,,0,13,1,1,null,0,0,0
1.75465E+12,292,For 1 b,200,,ForEach Controller 1-1,text,TRUE,,0,13,1,1,null,0,0,0
1.75465E+12,334,For 1 c,200,,ForEach Controller 1-1,text,TRUE,,0,13,1,1,null,0,0,0
1.75465E+12,159,Sample 2,200,,ForEach Controller 1-1,text,TRUE,,7,0,1,1,null,0,0,0
